{
  "sections": {
    "collection-header": {
      "type": "collection-page-header",
      "settings": {
        "layout": "inside",
        "header_height": "small",
        "text_alignment": "center",
        "vertical_alignment": "center",
        "bg_color": "#ffffff",
        "enable_parallax": false,
        "upper_title": false,
        "show_desc": false,
        "collection_all_desc": ""
      }
    },
    "main": {
      "type": "main-collection-product-grid",
      "blocks": {
        "26ef6509-772d-4c44-bd90-efc089bd9355": {
          "type": "filter",
          "settings": {
            "design_filtergroup": "button",
            "title": "Size",
            "filtergroup": "XS,S,M,L,XL",
            "use_accordion": false,
            "open_filtergroup": true
          }
        },
        "e12de6da-eab8-4abe-967c-06d0d959a18a": {
          "type": "filter",
          "settings": {
            "design_filtergroup": "color",
            "title": "Colors",
            "filtergroup": "Blue, Red, White ,Black ,Pink ,Silver,Purple,Brown,Yellow,Grey,Green,Tan,Violet,Dark Grey,Beige,Light Blue, Dark Blue, Light Grey, Light Pink, Mint, Rose Gold, Night Blue, Copper, Coral, Rosy Brown",
            "use_accordion": false,
            "open_filtergroup": true
          }
        },
        "fa31a837-9c99-4c92-8cfe-0527ffbe7b15": {
          "type": "filter",
          "settings": {
            "design_filtergroup": "default",
            "title": "Prices",
            "filtergroup": "$0-$50,$50-$100,$100-$150,$150-$200,$200-$300,$300-$400",
            "use_accordion": false,
            "open_filtergroup": true
          }
        },
        "4903963a-90f0-4fe1-be23-ee4f8749e483": {
          "type": "filter",
          "settings": {
            "design_filtergroup": "inrow",
            "title": "Brands",
            "filtergroup": "Minimog,Retrolie,Abby,Brook,Learts,Vagabond",
            "use_accordion": false,
            "open_filtergroup": true
          }
        },
        "00b3badd-1613-4230-85d8-f87f04306aaa": {
          "type": "filter",
          "settings": {
            "design_filtergroup": "inrow",
            "title": "Tags",
            "filtergroup": "Dress,Tops,Shirts,Fashion,Hats,Sandal,Belt,Bags,Snacker,Denim,Minimog,Vagabond,Sunglasses, Beachwear,Vintage",
            "use_accordion": true,
            "open_filtergroup": true
          }
        }
      },
      "block_order": [
        "26ef6509-772d-4c44-bd90-efc089bd9355",
        "e12de6da-eab8-4abe-967c-06d0d959a18a",
        "fa31a837-9c99-4c92-8cfe-0527ffbe7b15",
        "4903963a-90f0-4fe1-be23-ee4f8749e483",
        "00b3badd-1613-4230-85d8-f87f04306aaa"
      ],
      "settings": {
        "container": "container-fluid",
        "grid_layout": "grid",
        "grid_columns": "4",
        "pagination_limit": 12,
        "show_sorting": true,
        "show_filter": true,
        "filters_type": "tags_filter",
        "sidebar": "leftColumn",
        "sidebar_title": "Filters",
        "limit_height_widget": false,
        "paginate_type": "paginate"
      }
    },
    "recent-viewed": {
      "type": "recent-viewed-products",
      "settings": {
        "heading": "Recently Viewed Products",
        "container": "container",
        "columns": 4,
        "column_gap": 30,
        "enable_slider": true
      }
    }
  },
  "order": [
    "collection-header",
    "main",
    "recent-viewed"
  ]
}