{
  "name": "List collection template",
  "sections": {
    "main": {
      "type": "collection-list-template",
      "blocks": {
        "06786fde-900d-4048-b2a7-2f1af4b4963e": {
          "type": "collection_item",
          "settings": {
            "collection": "sweaters",
            "image": "shopify://shop_images/1_a49daa5e-800a-463a-9b51-cbdee5b9d46a.jpg"
          }
        },
        "c3c7dd10-c393-458e-a903-3de238b2e424": {
          "type": "collection_item",
          "settings": {
            "collection": "leather-boots",
            "image": "shopify://shop_images/2_3d429d45-b48d-4f2c-9756-43e16ba15a58.jpg"
          }
        },
        "b43bcd47-6305-4507-86b2-397dcbb3cdfc": {
          "type": "collection_item",
          "settings": {
            "collection": "denim-pants",
            "image": "shopify://shop_images/3_453ceb49-11f8-4463-a304-5d1ac0d355a1.jpg"
          }
        },
        "17b453d1-b173-4aed-8571-7dc75d2ec6ca": {
          "type": "collection_item",
          "settings": {
            "collection": "sunglasses",
            "image": "shopify://shop_images/4_de697563-5f04-4d88-8028-1e5ff3fcea3e.jpg"
          }
        },
        "3aedbb94-935a-4d80-865f-7c7fbbbddb39": {
          "type": "collection_item",
          "settings": {
            "collection": "leather-bag",
            "image": "shopify://shop_images/5_a506fafd-bde8-4dfc-b652-1db5fb97144c.jpg"
          }
        }
      },
      "block_order": [
        "06786fde-900d-4048-b2a7-2f1af4b4963e",
        "c3c7dd10-c393-458e-a903-3de238b2e424",
        "b43bcd47-6305-4507-86b2-397dcbb3cdfc",
        "17b453d1-b173-4aed-8571-7dc75d2ec6ca",
        "3aedbb94-935a-4d80-865f-7c7fbbbddb39"
      ],
      "settings": {
        "title": "All collection",
        "description": "<p>Posuere in netus a eu varius adipiscing suspendisse elementum vitae tempor suspendisse <br/>ullamcorper aenean taciti morbi potenti.</p>"
      }
    }
  },
  "order": [
    "main"
  ]
}