{
  "sections": {
    "main": {
      "type": "page-about-us",
      "settings": {
      }
    },
    "custom-content": {
      "type": "custom-content",
      "blocks": {
        "be5d2488-3c71-471f-bb75-dbccb6970cb0": {
          "type": "image",
          "settings": {
            "image": "shopify://shop_images/1_485206fa-6bcd-4c60-a185-bd75bda77de2.jpg",
            "width": "100%",
            "alignment": "center",
            "block_custom_class": ""
          }
        },
        "f5e88f1f-ff68-4d03-b686-0cb9fe62fab1": {
          "type": "text",
          "settings": {
            "title": "<h4 class=\"about__block-heading\">It pains me physically to see woman victimized,<br> rendered pathetic by fashion.</h4>\n<p class=\"about__block-subheading\">Awkwardness gives me great comfort. I’ve never been cool, but I’ve felt cool. I’ve been in the<br> cool place, but I wasn’t really cool – I was trying to pass for hip or cool.</p>",
            "subheading": "",
            "text": "<p>A girl should be two things: classy and fabulous. I am convinced that there can be luxury in simplicity. I wanted to dress the woman who lives and works, not the woman in a painting. It’s hard to balance everything. It’s always challenging. My relationships with producers or photographers – these are relationships that took years. I can’t get sucked into that celebrity thing, because I think it’s just crass. My aim is to make the poor look rich and the rich look poor. Vanity is the healthiest thing in life. I believe that my clothes can give people a better image of themselves – that it can increase their feelings of confidence and happiness. You can hide so much behind theatrics, and I don’t need to do that any more. I don’t really know how to do casual clothes.</p>",
            "width": "100%",
            "alignment": "center",
            "align_text": "center",
            "text_size": "medium",
            "text_color": "black",
            "button_label": "",
            "button_link": "",
            "button_style": "sf__btn-primary",
            "button_size": "",
            "block_custom_class": "sf__about-block sf__about-block-text sf__about-block-text-1"
          }
        },
        "4e1fb14f-ef60-4693-b6a2-2b26063e1b70": {
          "type": "image",
          "settings": {
            "image": "shopify://shop_images/2_7ec8fac3-633a-46c9-b503-dd8b20734495.jpg",
            "width": "50%",
            "alignment": "center",
            "block_custom_class": ""
          }
        },
        "9a3a8077-de29-4141-9162-b9484d4a85f8": {
          "type": "html",
          "settings": {
            "code": "<div class=\"sf__about-custom-list\">\n  <h3>We are proudly<br> Australian.</h3>\n  <ul>\n    <li>\n      <span><img src=\"https://cdn.shopify.com/s/files/1/0561/2742/2636/files/icon1.svg?v=1627616411\"></span>\n      <div class=\"rte\">\n          <h4>Soft Fabric</h4>\n          <p class=\"text-color-subtext\">Get complimentary ground shipping on every<br> order.Don’t love it? Send it back, on us.</p>\n      </div>\n    </li>\n    <li>\n      <span><img src=\"https://cdn.shopify.com/s/files/1/0561/2742/2636/files/icon2_daf1b6c2-ef2e-416c-ae6a-a7ddd145b6c5.svg?v=1627616411\"></span>\n      <div class=\"rte\">\n          <h4>Lightweight</h4>\n          <p class=\"text-color-subtext\">Join Minimog Rewards to earn gift cards<br>\nand enjoy exclusive member benefits.</p>\n      </div>\n    </li>\n    <li>\n      <span><img src=\"https://cdn.shopify.com/s/files/1/0561/2742/2636/files/icon3.svg?v=1627616411\"></span>\n      <div class=\"rte\">\n          <h4>All Day Comfort</h4>\n          <p class=\"text-color-subtext\">We believe getting dressed should be the<br> easiest part of your day.</p>\n      </div>\n    </li>\n  </ul>\n</div>",
            "width": "50%",
            "block_custom_class": "sf__about-custom-html"
          }
        },
        "28e3ce35-e364-43f3-ba87-18b633233063": {
          "type": "text",
          "settings": {
            "title": "<h4 class=\"about__block-heading\">The world needs to move fast to make a meaningful<br> difference in the fight against climate change.</h4>",
            "subheading": "",
            "text": "<p>A girl should be two things: classy and fabulous. I am convinced that there can be luxury in simplicity. I wanted to dress the woman who lives and works, not the woman in a painting. It’s hard to balance everything. It’s always challenging. My relationships with producers or photographers – these are relationships that took years. I can’t get sucked into that celebrity thing, because I think it’s just crass. My aim is to make the poor look rich and the rich look poor. Vanity is the healthiest thing in life. I believe that my clothes can give people a better image of themselves – that it can increase their feelings of confidence and happiness. You can hide so much behind theatrics, and I don’t need to do that any more. I don’t really know how to do casual clothes.</p>",
            "width": "100%",
            "alignment": "center",
            "align_text": "center",
            "text_size": "medium",
            "text_color": "black",
            "button_label": "",
            "button_link": "",
            "button_style": "sf__btn-primary",
            "button_size": "",
            "block_custom_class": "sf__about-block sf__about-block-text sf__about-block-text-2"
          }
        },
        "c6a8b57f-c54c-43f1-9771-9ea5d88a2f36": {
          "type": "text",
          "settings": {
            "title": "Our Team",
            "subheading": "",
            "text": "",
            "width": "100%",
            "alignment": "center",
            "align_text": "center",
            "text_size": "medium",
            "text_color": "black",
            "button_label": "",
            "button_link": "",
            "button_style": "sf__btn-primary",
            "button_size": "",
            "block_custom_class": "sf__about-custom-heading"
          }
        },
        "859f4ef2-676f-4587-9ae8-3a19ffa439dd": {
          "type": "image_card",
          "settings": {
            "width": "33%",
            "content_position": "bottom_left",
            "content_alignment": "left",
            "text_size": "medium",
            "text_color": "black",
            "image": "shopify://shop_images/3_79558a8b-6310-440f-91ee-bf86f39880db.png",
            "link": "",
            "title": "Edward Lindgren",
            "subtitle": "<span class=\"text-color-subtext\">CHIEF OPERATING OFFICER</span>",
            "button_label": "",
            "button_style": "sf__btn-primary",
            "button_size": "",
            "block_custom_class": "sf__about-card-custom"
          }
        },
        "dc4597e9-ca80-4d0f-9e30-ff28c96dd3aa": {
          "type": "image_card",
          "settings": {
            "width": "33%",
            "content_position": "bottom_left",
            "content_alignment": "left",
            "text_size": "medium",
            "text_color": "black",
            "image": "shopify://shop_images/4_873abf10-c96b-436a-99e7-94f2506edaf9.jpg",
            "link": "",
            "title": "Nado Husa",
            "subtitle": "<span class=\"text-color-subtext\">CO-FOUNDER</span>",
            "button_label": "",
            "button_style": "sf__btn-primary",
            "button_size": "",
            "block_custom_class": "sf__about-card-custom"
          }
        },
        "a1a4a67f-c83f-4629-a006-e44f56c80bf5": {
          "type": "image_card",
          "settings": {
            "width": "33%",
            "content_position": "bottom_left",
            "content_alignment": "left",
            "text_size": "medium",
            "text_color": "black",
            "image": "shopify://shop_images/5_5678f372-8f3b-4673-92a3-55b47a494056.jpg",
            "link": "",
            "title": "Chineze Afamefuna",
            "subtitle": "<span class=\"text-color-subtext\">MARKETING</span>",
            "button_label": "",
            "button_style": "sf__btn-primary",
            "button_size": "",
            "block_custom_class": "sf__about-card-custom"
          }
        }
      },
      "block_order": [
        "be5d2488-3c71-471f-bb75-dbccb6970cb0",
        "f5e88f1f-ff68-4d03-b686-0cb9fe62fab1",
        "4e1fb14f-ef60-4693-b6a2-2b26063e1b70",
        "9a3a8077-de29-4141-9162-b9484d4a85f8",
        "28e3ce35-e364-43f3-ba87-18b633233063",
        "c6a8b57f-c54c-43f1-9771-9ea5d88a2f36",
        "859f4ef2-676f-4587-9ae8-3a19ffa439dd",
        "dc4597e9-ca80-4d0f-9e30-ff28c96dd3aa",
        "a1a4a67f-c83f-4629-a006-e44f56c80bf5"
      ],
      "settings": {
        "heading": "",
        "subheading": "",
        "description": "",
        "header_alignment": "center",
        "container": "container",
        "background_color": "",
        "gap": 30,
        "use_scroll_mobile": false,
        "gap_mobile": 16,
        "custom_class": "sf__page-about"
      }
    },
    "icon-box": {
      "type": "icon-box",
      "blocks": {
        "c8a16382-6620-4bcf-ba3e-1bb9d69d5b77": {
          "type": "iconbox",
          "settings": {
            "image": "shopify://shop_images/1_292dc3a2-215e-4ce3-afba-7b00845e162f.png",
            "title": "Free Shipping",
            "description": "<p>Free Shipping for orders over £130</p>",
            "link": "",
            "button_label": "",
            "button_link": "",
            "button_style": "sf__btn-link",
            "button_size": ""
          }
        },
        "13184979-bd7f-482c-865f-60738819a029": {
          "type": "iconbox",
          "settings": {
            "image": "shopify://shop_images/2_4ab3f0fa-7ff5-4f0d-ba62-503f7f2fc192.png",
            "title": "Money Guarantee",
            "description": "<p>Within 30 days for an exchange.</p>",
            "link": "",
            "button_label": "",
            "button_link": "",
            "button_style": "sf__btn-link",
            "button_size": ""
          }
        },
        "c4cf2072-efce-4cb9-b184-14404b61e2a3": {
          "type": "iconbox",
          "settings": {
            "image": "shopify://shop_images/3_6044e4d8-7c0b-4f31-aac4-89baf1f7a0a9.png",
            "title": "Online Support",
            "description": "<p>24 hours a day, 7 days a week</p>",
            "link": "",
            "button_label": "",
            "button_link": "",
            "button_style": "sf__btn-link",
            "button_size": ""
          }
        },
        "8e15d521-c62b-4552-a64a-94ead24641e5": {
          "type": "iconbox",
          "settings": {
            "image": "shopify://shop_images/4_2f378f25-cac8-415a-b98b-e491bd3fd4f3.png",
            "title": "Flexible Payment",
            "description": "<p>Pay with Multiple Credit Cards</p>",
            "link": "",
            "button_label": "",
            "button_link": "",
            "button_style": "sf__btn-link",
            "button_size": ""
          }
        }
      },
      "block_order": [
        "c8a16382-6620-4bcf-ba3e-1bb9d69d5b77",
        "13184979-bd7f-482c-865f-60738819a029",
        "c4cf2072-efce-4cb9-b184-14404b61e2a3",
        "8e15d521-c62b-4552-a64a-94ead24641e5"
      ],
      "settings": {
        "heading": "",
        "subheading": "",
        "description": "",
        "header_alignment": "center",
        "container": "container-fluid",
        "background_color": "#ffffff",
        "item_per_row": 4,
        "item_gap": 30,
        "item_gap_mobile": 10,
        "card_style": "horizontal",
        "image_max_width": "30px",
        "content_alignment": "start",
        "hover_effect": "none",
        "enable_slider": false,
        "show_pagination": false,
        "show_navigation": false,
        "use_scroll_mobile": false,
        "use_grid_column_mb": false,
        "custom_class": "sf__page-about"
      }
    }
  },
  "order": [
    "main",
    "custom-content",
    "icon-box"
  ]
}