{
  "sections": {
    "breadcrumb": {
      "type": "breadcrumb"
    },
    "main": {
      "type": "main-product",
      "settings": {
      },
      "blocks": {
        "title": {
          "type": "title",
          "settings": {
          }
        },
        "price": {
          "type": "price",
          "settings": {
          }
        },
        "variant_picker": {
          "type": "variant_picker",
          "settings": {
          }
        },
        "buy_buttons": {
          "type": "buy_buttons",
          "settings": {
          }
        },
        "addons": {
          "type": "addons",
          "settings": {
          }
        }
      },
      "block_order": [
        "title",
        "price",
        "variant_picker",
        "quantity_selector",
        "buy_buttons",
        "addons"
      ]
    },
    "product-details-tabs": {
      "type": "product-details-tabs",
      "blocks": {
        "description": {
          "type": "description",
          "settings": {
            "header": "Product description"
          }
        },
        "tab": {
          "type": "tab",
          "settings": {
            "header": "Shipping & Return",
            "content": "<p>Shipping cost is based on weight. Just add products to your cart and use the Shipping Calculator to see the shipping price.</p><p>We want you to be 100% satisfied with your purchase. Items can be returned or exchanged within 30 days of delivery.</p>"
          }
        }
      },
      "block_order": [
        "description",
        "tab"
      ],
      "settings": {
        "show_product_tabs": true,
        "container": "container",
        "bg_color": ""
      }
    },
    "product-recommendations": {
      "type": "product-recommendations",
      "settings": {
      }
    },
    "recent-viewed-products": {
      "type": "recent-viewed-products",
      "settings": {
      }
    }
  },
  "order": [
    "breadcrumb",
    "main",
    "product-details-tabs",
    "product-recommendations",
    "recent-viewed-products"
  ]
}
