{
  "current": {
    "favicon": "shopify://shop_images/fav_icon_dark_1.png",
    "container_width": 1200,
    "container_fluid_width": 1620,
    "container_fluid_offset": 65,
    "color_primary": "#000000",
    "color_body_text": "#000000",
    "color_heading_text": "#000000",
    "color_sub_text": "#666666",
    "color_btn_bg_hover": "#000000",
    "prod_sale_price_color": "#666666",
    "prod_type_color": "#666666",
    "color_field_bg": "#ffffff",
    "color_annoucement_bg": "#da3f3f",
    "color_topbar_bg": "#ffffff",
    "color_topbar_text": "#000000",
    "color_header_bg": "#ffffff",
    "color_header_link": "#000000",
    "color_header_transparent": "#000000",
    "bg_cart_wishlist_count": "#da3f3f",
    "color_menu_bar_bg": "#000000",
    "color_menu_bar_text": "#f8f8f8",
    "color_footer_bg": "#f5f5f5",
    "color_footer_text": "#000000",
    "color_footer_subtext": "#666666",
    "color_footer_link_hover": "#000000",
    "color_footer_bottom_bg": "#f5f5f5",
    "color_border": "#dedede",
    "img_overlay_opacity": 20,
    "tooltip_background_color": "#000000",
    "type_base_font": "roboto_condensed_n4",
    "use_custom_font_body": true,
    "custom_body_font": "https://cdn.shopify.com/s/files/1/0561/2742/2636/files/Jost-Regular.ttf?v=1618297125@400\nhttps://cdn.shopify.com/s/files/1/0561/2742/2636/files/Jost-Medium.ttf?v=1618297125@500\nhttps://cdn.shopify.com/s/files/1/0561/2742/2636/files/Jost-SemiBold.ttf?v=1618297125@600",
    "custom_body_weight": "400",
    "type_header_font": "roboto_condensed_n7",
    "use_custom_font_heading": true,
    "custom_heading_font": "https://cdn.shopify.com/s/files/1/0561/2742/2636/files/Jost-Regular.ttf?v=1618297125@400\nhttps://cdn.shopify.com/s/files/1/0561/2742/2636/files/Jost-Medium.ttf?v=1618297125@500\nhttps://cdn.shopify.com/s/files/1/0561/2742/2636/files/Jost-SemiBold.ttf?v=1618297125@600",
    "custom_heading_weight": "400",
    "type_header_base_size": 40,
    "btn_weight": "500",
    "pcard_layout": "1",
    "pcard_alignment": "left",
    "pcard_image_ratio": "3/4",
    "show_vendor": false,
    "variant_option_design1": "button",
    "variant_option_design2": "color",
    "variant_option_design3": "color",
    "show_variant_swatch_image": true,
    "product_colors": "red: #FF6961,\nyellow: #FDDA76,\nblack: #000000,\nblack band: #000000,\nblue: #8DB4D2,\ngreen: #C1E1C1,\npurple: #B19CD9,\nsilver: #EEEEEF,\nwhite: #FFFFFF,\nbrown: #836953,\nlight brown: #B5651D,\ndark turquoise: #23cddc,\norange: #FFB347,\ntan: #E9D1BF,\nviolet: #B490B0,\npink: #FFD1DC,\ngrey: #E0E0E0,\nsky: #96BDC6,\npale leaf: #CCD4BF,\nlight blue: #b1c5d4,\ndark grey: #aca69f,\nbeige: #EBE6DB,\nbeige band: #EED9C4,\ndark blue: #063e66,\ncream: #FFFFCC,\nlight pink: #FBCFCD,\nmint: #bedce3,\ndark gray: #3A3B3C,\nrosy brown: #c4a287,\nlight grey:#D3D3D3,\ncopper: #B87333,\nrose gold: #ECC5C0,\nnight blue: #151B54,\ncoral: #FF7F50,\nlight purple: #C6AEC7",
    "filter_color1": "Gingham",
    "filter_color2": "flannel",
    "article_show_date": false,
    "article_show_excerpt": true,
    "article_show_button": true,
    "share_facebook": true,
    "share_pinterest": true,
    "social_twitter_link": "",
    "social_twitter_label": "",
    "social_facebook_link": "https://facebook.com/",
    "social_facebook_label": "300k Followers",
    "social_pinterest_link": "",
    "social_pinterest_label": "",
    "social_instagram_link": "https://instagram.com/",
    "social_instagram_label": "100k Followers",
    "show_cookie_consent": true,
    "cookie_consent_placement": "bottom-left",
    "cookie_consent_theme": "white",
    "custom_css": ".sf-topbar {\n  border-color: #eee;\n}\n[id$=\"16225125199f82d8fe\"] .section-my {\n  padding-top: 45px;\n  padding-bottom: 45px;\n  margin-bottom: 0;\n  margin-top: 0;\n}\n[id$=\"16225125199f82d8fe\"] {\n  border-top: 1px solid #eee;\n}\n.sf__font-normal {\n  font-weight: 400;\n}\n[id$=\"16225316461d1cff80\"]\n  .collection-card__info\n  h3\n  a {\n  font-weight: 400;\n  font-size: 24px;\n  line-height: 34px;\n  margin-bottom: 4px;\n}\n[id$=\"16225316461d1cff80\"]\n  .collection-card__info\n  p {\n  color: #666;\n}\n[id$=\"16225125199f82d8fe\"] .sf-icon-box__text h3 {\n  line-height: 26px;\n  font-size: 20px;\n  font-weight: 500;\n}\n@media (min-width: 1536px) {\n  [id$=\"1621243260e1af0c20\"] .slide__block-title {\n    font-size: 100px;\n    line-height: 95px;\n  }\n}\n@media (max-width: 576px) {\n  [id$=\"1621243260e1af0c20\"] a.sf__mobile-button,\n  [id$=\"162251092958fcda7c\"] .sf__btn-primary,\n  [id$=\"162251092958fcda7c\"] .sf__btn-secondary {\n    width: 100%;\n  }\n  [id$=\"16225316461d1cff80\"] .section__heading {\n    text-align: center;\n  }\n  [id$=\"16225316461d1cff80\"]\n    .collection-card__info\n    h3\n    a {\n    font-weight: 500;\n  }\n  [id$=\"16225316461d1cff80\"]\n    .collection-card__info\n    p {\n    font-size: 14px;\n    line-height: 20px;\n  }\n  [id$=\"16225125199f82d8fe\"] .sf-icon-box__text h3 {\n    font-size: 18px;\n    margin-bottom: 2px;\n  }\n}",
    "bg_cart_count": "#da3f3f",
    "sections": {
      "header": {
        "type": "header",
        "blocks": {
          "5e153016-a9d7-46c9-a10e-30d16446793d": {
            "type": "topbar",
            "settings": {
              "show_divider": true,
              "show_phone_numb": false,
              "show_email": false,
              "show_social_links": true,
              "show_stores_page": false,
              "show_currency_switcher": true,
              "show_language_switcher": true,
              "alert_message": "<span>Open Doors To A World Of Fashion  |  <a class=\"sf__text-link  ml-1 underline\" href=\"#\">Discover More</a><span></span></span>"
            }
          },
          "5b9aec5f-b955-4765-9a87-1962d613e909": {
            "type": "custom_html",
            "settings": {
              "heading": "Home",
              "container": "container",
              "html": ""
            }
          },
          "a820a1bc-dfc4-4e61-8c8a-de23659759a6": {
            "type": "banner",
            "settings": {
              "heading": "Shop",
              "container": "container",
              "banner_style": "outside",
              "banner_image": "shopify://shop_images/mega-menu-banner.jpg",
              "banner_link": "",
              "banner_title": "The New - Season Shoes Edit",
              "banner_desc": "",
              "banner_button_text": "Shop now"
            }
          },
          "31481022-f698-4968-bf06-3c24f36b09e7": {
            "type": "product-list",
            "settings": {
              "heading": "Products",
              "container": "container-fluid",
              "stretch_width": false,
              "collection": "best-sellers",
              "limit": 6,
              "columns": 2
            }
          },
          "ea723308-92c0-42ae-a45d-aede426d8cdd": {
            "type": "custom_html",
            "settings": {
              "heading": "Features",
              "container": "inherit",
              "html": ""
            }
          }
        },
        "block_order": [
          "5e153016-a9d7-46c9-a10e-30d16446793d",
          "5b9aec5f-b955-4765-9a87-1962d613e909",
          "a820a1bc-dfc4-4e61-8c8a-de23659759a6",
          "31481022-f698-4968-bf06-3c24f36b09e7",
          "ea723308-92c0-42ae-a45d-aede426d8cdd"
        ],
        "settings": {
          "header_design": "logo-center-menu-left",
          "container": "container-fluid",
          "header_sticky": true,
          "transparent_on_top": false,
          "logo_text": "MINIMOG",
          "logo_max_width": 145,
          "sticky_logo_max_width": 145,
          "mobile_logo_max_width": 110,
          "main_menu": "main-menu",
          "secondary_menu": "main-menu",
          "uppercase_parent_level": false,
          "search": "show_icon",
          "show_account_icon": true,
          "show_cart_icon": true,
          "show_wishlist_icon": true,
          "show_compare_icon": false,
          "show_currency_switcher": false,
          "show_language_switcher": false
        }
      },
      "footer": {
        "type": "footer",
        "blocks": {
          "49e72833-c68f-4a7b-ab64-3ef0cae99bcb": {
            "type": "menu",
            "settings": {
              "menu": "footer",
              "title": "Information",
              "width": "25%"
            }
          },
          "7ebc2f78-975b-4a81-b874-103c3355a866": {
            "type": "menu",
            "settings": {
              "menu": "footer",
              "title": "",
              "width": "25%"
            }
          },
          "93571032-b171-4c66-8b3e-96cd91946363": {
            "type": "our_store",
            "settings": {
              "title": "Our store",
              "description": "<p>Find a location nearest<br/>you. <a href=\"#\" title=\"#\"><span style=\"text-decoration:underline\">See Our Stores</span></a></p>",
              "show_email": true,
              "show_phone": true,
              "show_socials_link": false,
              "width": "25%"
            }
          },
          "7b0bf4c6-3873-4222-b8d6-ce009e710078": {
            "type": "newsletter",
            "settings": {
              "title": "Subscribe",
              "description": "Enter your email below to be the first to know about new collections and product launches.",
              "email_placeholder": "Enter your email",
              "form_style": "bordered",
              "show_social": false,
              "width": "25%"
            }
          }
        },
        "block_order": [
          "49e72833-c68f-4a7b-ab64-3ef0cae99bcb",
          "7ebc2f78-975b-4a81-b874-103c3355a866",
          "93571032-b171-4c66-8b3e-96cd91946363",
          "7b0bf4c6-3873-4222-b8d6-ce009e710078"
        ],
        "settings": {
          "design": "footer-2",
          "container": "container-fluid",
          "bordered": true,
          "copyright": "© MINIMOG 2021",
          "show_currency_selector": true,
          "show_language_selector": true,
          "show_social_links": true,
          "show_payment_icons": true
        }
      },
      "annoucement": {
        "type": "annoucement",
        "settings": {
          "show_announcement": true,
          "homepage_only": true,
          "show_close": true,
          "message": "<span class=\"font-medium\" style=\"font-size: 15px;\">Free Delivery on orders over £120. Don’t miss discount.</span>",
          "message_link": "",
          "show_divider": false
        }
      },
      "mobile-sticky-bar": {
        "type": "mobile-sticky-bar",
        "settings": {
          "show_mobile_sticky": true,
          "show_home_icon": true,
          "show_collection_icon": true,
          "show_cart_icon": true,
          "show_search_icon": true,
          "show_account_icon": false,
          "show_wishlist_icon": false
        }
      }
    }
  }
}
